rank,uri,artist_names,track_name,source,peak_rank,previous_rank,weeks_on_chart,streams
1,"spotify:track:7lPN2DXiMsVn7XUKtOW1CS","Olivia Rodrigo","drivers license","Olivia Rodrigo PS",1,1,4,"13880496"
2,"spotify:track:3YJJjQPAbDT7mGpX3WtQ9A","SZA","Good Days","Top Dawg Entertainment/RCA Records",1,2,6,"8128775"
3,"spotify:track:60ynsPSSKe6O3sfwRnIBRf","Doja Cat","Streets","Kemosabe Records/RCA Records",3,3,4,"6814883"
4,"spotify:track:5QO79kh1waicV47BqGRL3g","The Weeknd","Save Your Tears","Republic Records",4,10,10,"5076773"
5,"spotify:track:5vGLcdRuSbUhD8ScwsGSdA","CJ","Whoopty","CJ Music Group/T-Series",4,4,15,"5004925"
6,"spotify:track:3tjFYV6RSFtuktYl3ZtYcq","24kGoldn, iann dior","Mood (feat. iann dior)","Records/Columbia",2,5,26,"4656206"
7,"spotify:track:7hxHWCCAIIxFLCzvDgnQHX","Internet Money, Gunna, Don Toliver, NAV","Lemonade (feat. NAV)","Internet Money Records / TenThousand Projects",1,6,25,"4546014"
8,"spotify:track:0VjIjW4GlUZAMYd2vXMi3b","The Weeknd","Blinding Lights","Republic Records",1,7,62,"4539225"
9,"spotify:track:4MzXwWMhyBbmu6hOcLVD49","Bad Bunny, Jhayco","DÁKITI","Rimas Entertainment LLC",1,11,14,"4458131"
10,"spotify:track:27OeeYzk6klgBh83TSvGMA","The Kid LAROI","WITHOUT YOU","Columbia",8,9,12,"4388210"
11,"spotify:track:6Im9k8u9iIzKMrmV7BWtlF","Ariana Grande","34+35","Republic Records",2,8,14,"4358267"
12,"spotify:track:5nujrmhLynf4yMoMtj8AQF","Dua Lipa, DaBaby","Levitating (feat. DaBaby)","Warner Records",11,14,18,"4210781"
13,"spotify:track:3cBsEDNhFI9E82vPj3kvi3","Morgan Wallen","Wasted On You","Big Loud / Republic",3,15,4,"4017741"
14,"spotify:track:35mvY5S1H3J2QZyna3TFe0","Ariana Grande","positions","Republic Records",1,12,15,"4003587"
15,"spotify:track:42lqBjPYlmL1EXpMDXvhSN","Morgan Wallen","Somebody’s Problem","Big Loud / Republic",4,13,11,"3908144"
16,"spotify:track:2etHQJxIbV0soyPhelVs9Y","Saweetie, Doja Cat","Best Friend (feat. Doja Cat)","ICY/Warner Records",16,20,4,"3835708"
17,"spotify:track:0PvFJmanyNQMseIFrU708S","Pop Smoke, Lil Baby, DaBaby","For The Night (feat. Lil Baby & DaBaby)","Victor Victor Worldwide",2,18,31,"3793883"
18,"spotify:track:0uRrG2jRR5tuifsYIJHEao","Morgan Wallen","Sand In My Boots","Big Loud / Republic",13,19,4,"3732464"
19,"spotify:track:43CIWpJaJHRcI4mUSjqgc2","Juice WRLD, Young Thug","Bad Boy (with Young Thug)","Grade A Productions/Interscope Records",3,17,3,"3730134"
20,"spotify:track:1tkg4EHVoqnhR6iFEXb60y","Pop Smoke","What You Know Bout Love","Victor Victor Worldwide",6,21,23,"3580175"
21,"spotify:track:2QjOHCTQ1Jl3zawyYOpxh6","The Neighbourhood","Sweater Weather","Columbia",21,25,24,"3533044"
22,"spotify:track:4Oun2ylbjFKMPTiaSbbCih","Cardi B, Megan Thee Stallion","WAP (feat. Megan Thee Stallion)","Atlantic/KSR",1,23,26,"3478104"
23,"spotify:track:54bFM56PmE4YLRnqpW6Tha","Billie Eilish","Therefore I Am","Darkroom/Interscope Records",1,24,12,"3462216"
24,"spotify:track:31qCy5ZaophVA81wtlwLc4","Justin Bieber","Anyone","RBMG/Def Jam",2,22,5,"3378894"
25,"spotify:track:2SAqBLGA283SUiwJ3xOUVI","Drake, Lil Durk","Laugh Now Cry Later (feat. Lil Durk)","OVO",2,26,25,"3368169"
26,"spotify:track:02MWAaffLxlfxAUY7c5dvx","Glass Animals","Heat Waves","Polydor Records",26,38,10,"3287806"
27,"spotify:track:7kDUspsoYfLkWnZR7qwHZl","Machine Gun Kelly, blackbear","my ex's best friend (with blackbear)","Bad Boy/Interscope Records",11,34,26,"3284093"
28,"spotify:track:2U5WueTLIK5WJLD7mvDODv","Juice WRLD","Wishing Well","Grade A Productions/Interscope Records",1,29,30,"3257858"
29,"spotify:track:0A1hoCfMLkiAgvhWkkucJa","Megan Thee Stallion","Body","300 Entertainment",13,28,11,"3201538"
30,"spotify:track:4VXIryQMWpIdGgYR4TrjT1","Juice WRLD","All Girls Are The Same","Juice WRLD Mixtape / ISR P&D",13,32,145,"3162326"
31,"spotify:track:2r6OAV3WsYtXuXjvJ1lIDi","Pop Smoke, A Boogie Wit da Hoodie","Hello (feat. A Boogie Wit da Hoodie)","Victor Victor Worldwide",31,31,22,"3074693"
32,"spotify:track:45bE4HXI0AwGZXfZtMp8JR","Tate McRae","you broke me first","RCA Records Label",16,36,29,"3029459"
33,"spotify:track:5OELUCYgOHKFAvCERnAvfS","Morgan Wallen","More Than My Hometown","Big Loud / Republic",21,40,41,"2995728"
34,"spotify:track:4obHzpwGrjoTuZh2DItEMZ","Morgan Wallen","7 Summers","Big Loud / Republic",3,30,25,"2986990"
35,"spotify:track:7ytR5pFWmSjzHJIeQkgog4","DaBaby, Roddy Ricch","ROCKSTAR (feat. Roddy Ricch)","South Coast Music Group/Interscope Records",1,35,42,"2978254"
36,"spotify:track:6u3CPnFMKANYgfdiifFOiJ","Brent Faiyaz, Dahi, Tyler, The Creator","GRAVITY (FEAT. TYLER, THE CREATOR)","Lost Kids",36,-1,1,"2975157"
37,"spotify:track:4Iedi94TIaB2GGb1nMB68v","Lil Baby","On Me","Quality Control Music/Motown Records",37,37,9,"2946874"
38,"spotify:track:2Y0wPrPQBrGhoLn14xRYCG","Juice WRLD, Marshmello","Come & Go (with Marshmello)","Grade A Productions/Interscope Records",1,41,30,"2898197"
39,"spotify:track:3Uo7WG0vmLQ07WB4BDwy7D","Taylor Swift","willow","Taylor Swift",1,33,8,"2890122"
40,"spotify:track:285pBltuF7vW8TeWk8hdRR","Juice WRLD","Lucid Dreams","Juice WRLD Mixtape / ISR P&D",1,44,144,"2851147"
41,"spotify:track:0D75ciM842cdUMKSMfAR9y","Selena Gomez, Rauw Alejandro","Baila Conmigo (with Rauw Alejandro)","Selena Gomez Latin Project",41,-1,1,"2829629"
42,"spotify:track:3w1WjD2zJqjBjDz5fwqQPJ","Jack Harlow","Tyler Herro","Generation Now/Atlantic",9,39,15,"2825234"
43,"spotify:track:22LAwLoDA5b4AaGSkg6bKW","Lil Mosey","Blueberry Faygo","Mogul Vision/Interscope Records",2,45,52,"2751925"
44,"spotify:track:4xqrdfXkTW4T0RauPLv3WA","Conan Gray","Heather","Republic Records",9,43,31,"2745235"
45,"spotify:track:6Hj9jySrnFppAI0sEMCZpJ","Juice WRLD","Robbery","Grade A Productions/Interscope Records",3,48,103,"2705783"
46,"spotify:track:0ZLuW8uOXdFNWcI40C0OC2","Jack Harlow, Tory Lanez, DaBaby, Lil Wayne","Whats Poppin (feat. DaBaby, Tory Lanez & Lil Wayne) [Remix] - Bonus Track","Generation Now/Atlantic",2,46,33,"2698619"
47,"spotify:track:5uEYRdEIh9Bo4fpjDd4Na9","Travis Scott, HVME","Goosebumps - Remix","Cactus Jack/Epic",47,52,3,"2692152"
48,"spotify:track:6zFMeegAMYQo0mt8rXtrli","Lil Nas X","HOLIDAY","Columbia",14,42,12,"2670692"
49,"spotify:track:4aarlAfLKVCTxUDNgbwhjH","Megan Thee Stallion, DaBaby","Cry Baby (feat. DaBaby)","300 Entertainment",43,47,9,"2620492"
50,"spotify:track:1VLtjHwRWOVJiE5Py7JxoQ","Polo G","Martin & Gina","Columbia",23,60,27,"2539003"
51,"spotify:track:0sKEilrw1GrBlG6qsTCrP4","Morgan Wallen","865","Big Loud / Republic",15,59,4,"2525986"
52,"spotify:track:2Qz8kpCjxulML39zB6gQxY","Morgan Wallen","Still Goin Down","Big Loud / Republic",31,49,7,"2519278"
53,"spotify:track:0nbXyq5TXYPCO7pr3N8S4I","Roddy Ricch","The Box","Atlantic Records",1,50,61,"2517704"
54,"spotify:track:21jGcNKet2qwijlDFuPiPb","Post Malone","Circles","Republic Records",1,51,75,"2504632"
55,"spotify:track:7qEHsqek33rTcFNT9PFqLf","Lewis Capaldi","Someone You Loved","Vertigo Berlin",6,55,93,"2482141"
56,"spotify:track:0RiRZpuVRbi7oqRdSMwhQY","Post Malone, Swae Lee","Sunflower - Spider-Man: Into the Spider-Verse","Republic Records",1,53,120,"2480756"
57,"spotify:track:57VeLYXrvNxe8Vs18K2M9W","Jack Harlow, Big Sean","Way Out (feat. Big Sean)","Generation Now/Atlantic",24,54,8,"2460733"
58,"spotify:track:53BHUFdQphHiZUUG3nx9zn","AJR","Bang!","BMG Rights Management (US) LLC",56,57,22,"2460091"
59,"spotify:track:59fFsGRwFiuhxKDPc1k6xW","YBN Nahmir, 21 Savage","Opp Stoppa (feat. 21 Savage)","Art@War/Atlantic Records",59,82,2,"2416575"
60,"spotify:track:15bnyEOUVRkwWlxR4F7xzF","Lil Durk, Lil Baby","Finesse Out The Gang Way (feat. Lil Baby)","Alamo",60,-1,1,"2380155"
61,"spotify:track:1GkHyypTFkUf0QQKwYoXH4","benny blanco, Marshmello, Vance Joy","You (with Marshmello & Vance Joy)","Interscope / Friends Keep Secrets / Joytime Collective",61,-1,1,"2374797"
62,"spotify:track:5E30LdtzQTGqRvNd7l6kG5","The Neighbourhood","Daddy Issues","Columbia",61,63,21,"2367087"
63,"spotify:track:03B2SfXuvDh1m9F4tqrX07","Sabrina Carpenter","Skin","Island Records",27,27,2,"2326229"
64,"spotify:track:0mKnuxVkPi5h0kuvZl44VM","Morgan Wallen","Cover Me Up","Big Loud / Republic",30,62,17,"2319175"
65,"spotify:track:2gqWRRCXnma9L8xQ1RdemQ","The Kid LAROI","SO DONE","Columbia",13,61,15,"2278786"
66,"spotify:track:5SWnsxjhdcEDc7LJjq9UHk","21 Savage, Metro Boomin","Runnin","Slaughter Gang, LLC/Epic/Boominati Worldwide/Republic",3,64,18,"2269972"
67,"spotify:track:6AGOKlMZWLCaEJGnaROtF9","Ritt Momney","Put Your Records On","Columbia",16,66,21,"2244137"
68,"spotify:track:1HbA4N1MiOsPthALesGFR1","Shawn Mendes, Justin Bieber","Monster (Shawn Mendes & Justin Bieber)","Shawn Mendes LP4-5 PS/ Island",5,58,11,"2231347"
69,"spotify:track:0ofHAoxe9vBkTCp2UQIavz","Fleetwood Mac","Dreams - 2004 Remaster","Rhino/Warner Records",6,69,22,"2223147"
70,"spotify:track:7JuHVG3qQKQKxC4doneXVW","Pooh Shiesty, Lil Durk","Back in Blood (feat. Lil Durk)","Atlantic Records",70,95,4,"2221252"
71,"spotify:track:4saklk6nie3yiGePpBwUoc","BTS","Dynamite","BIGHIT MUSIC",4,67,24,"2218787"
72,"spotify:track:5VlTQnZO89Ioku8ssdbqJk","Brent Faiyaz","Dead Man Walking","Lost Kids",71,71,9,"2208577"
73,"spotify:track:7m9OqQk4RVRkw9JJdeAw96","XXXTENTACION","Jocelyn Flores","Bad Vibes Forever / EMPIRE",3,68,180,"2204467"
74,"spotify:track:62vpWI1CHwFy7tMIcSStl8","J. Cole","No Role Modelz","Roc Nation Records LLC",65,76,156,"2161798"
75,"spotify:track:4y4spB9m0Q6026KfkAvy9Q","Justin Bieber, benny blanco","Lonely (with benny blanco)","Friends Keep Secrets/Def Jam Recordings/Interscope Records",8,65,16,"2158489"
76,"spotify:track:25j0Sape7qZbq6ZPLFefTT","Erica Banks","Buss It","1501 Certified Ent/Warner Records",75,78,4,"2155754"
77,"spotify:track:1K5KBOgreBi5fkEHvg5ap3","Future, Drake","Life Is Good (feat. Drake)","Epic/Freebandz",2,74,56,"2155440"
78,"spotify:track:0psS4i5YooJrXfDnGvWRLi","Billie Eilish, ROSALÍA","Lo Vas A Olvidar (with ROSALÍA)","Darkroom/Interscope Records",16,16,2,"2146498"
79,"spotify:track:6foY66mWZN0pSRjZ408c00","Morgan Wallen","Whiskey Glasses","Big Loud Records",59,87,93,"2145558"
80,"spotify:track:5u1n1kITHCxxp8twBcZxWy","Justin Bieber, Chance the Rapper","Holy (feat. Chance The Rapper)","RBMG/Def Jam",3,88,20,"2139059"
81,"spotify:track:2kS6td1yvmpNgZTt1q5pQq","Mother Mother","Hayloft","Last Gang",64,75,6,"2136466"
82,"spotify:track:2gMXnyrvIjhVBUZwvLZDMP","Lewis Capaldi","Before You Go","Vertigo Berlin",42,72,63,"2135309"
83,"spotify:track:6UelLqGlWMcVH1E5c4H7lY","Harry Styles","Watermelon Sugar","Columbia",4,73,64,"2119279"
84,"spotify:track:43BlKpJcSrC9AsJ3F1DKg9","Lil Durk, King Von","Still Trappin'","Alamo",66,90,6,"2115780"
85,"spotify:track:6gBFPUFcJLzWGx4lenP6h2","Travis Scott","goosebumps","Cactus Jack / Epic",8,80,214,"2078735"
86,"spotify:track:1MX19fnaW1OUQoglWTYaOo","Morgan Wallen","Dangerous","Big Loud / Republic",37,110,4,"2066299"
87,"spotify:track:2Oycxb8QbPkpHTo8ZrmG0B","Miley Cyrus, Dua Lipa","Prisoner (feat. Dua Lipa)","RCA Records Label",16,79,11,"2036768"
88,"spotify:track:64SCQtbRtmO28ks1QhS3w5","Morgan Wallen","Warning","Big Loud / Republic",18,81,4,"2027916"
89,"spotify:track:0rKtyWc8bvkriBthvHKY8d","Joji","SLOW DANCING IN THE DARK","88rising Music/Warner Records",29,85,124,"2014993"
90,"spotify:track:0JJP0IS4w0fJx01EcrfkDe","All Time Low","Dear Maria, Count Me In","Hopeless Records",90,100,3,"2005347"
91,"spotify:track:4Z5FyQlevoHoa5FsIVKZju","DaBaby","PRACTICE","South Coast Music Group/Interscope Records",46,91,16,"1997259"
92,"spotify:track:3jjujdWJ72nww5eGnfs2E7","Harry Styles","Adore You","Columbia",3,89,61,"1985714"
93,"spotify:track:2GiJYvgVaD2HtM8GqD9EgQ","BØRNS","Electric Love","UMGRI Interscope",44,92,32,"1980375"
94,"spotify:track:7eJMfftS33KTjuF7lTsMCx","Powfu, beabadoobee","death bed (coffee for your head)","Columbia",9,86,51,"1976721"
95,"spotify:track:2rPHUAeUPbNgTmK18FPTiZ","The Kid LAROI, Juice WRLD","GO (feat. Juice WRLD)","Columbia",15,84,34,"1969701"
96,"spotify:track:4Q34FP1AT7GEl9oLgNtiWj","21 Savage, Metro Boomin, Drake","Mr. Right Now (feat. Drake)","Slaughter Gang, LLC/Epic/Boominati Worldwide/Republic",4,83,18,"1961355"
97,"spotify:track:3jjBPF4NDMCU51psU8JPpR","Ariana Grande, Doja Cat, Megan Thee Stallion","34+35 Remix (feat. Doja Cat, Megan Thee Stallion) - Remix","Republic Records",4,56,3,"1920800"
98,"spotify:track:57RA3JGafJm5zRtKJiKPIm","Wallows, Clairo","Are You Bored Yet? (feat. Clairo)","Atlantic Records",70,102,38,"1914515"
99,"spotify:track:2mt1IqcFyY1zmYZT8Q3xw9","blackbear","hot girl bummer","Alamo",4,96,76,"1898119"
100,"spotify:track:7vrJn5hDSXRmdXoR30KgF1","KAROL G","BICHOTA","UMLE - Latino",93,93,11,"1892003"
101,"spotify:track:30bqVoKjX479ab90a8Pafp","Lil Peep","Star Shopping","Lil Peep",101,117,23,"1873696"
102,"spotify:track:79s5XnCN4TJKTVMSmOx8Ep","Pop Smoke","Dior","Victor Victor Worldwide/Republic Records",18,103,47,"1870414"
103,"spotify:track:6EDO9iiTtwNv6waLwa1UUq","DJ Khaled, Drake","POPSTAR (feat. Drake)","OVO/We The Best/Epic",4,101,29,"1867860"
104,"spotify:track:7o4gBbTM6UBLkOYPw9xMCz","DDG, Blueface","Moonwalking in Calabasas (feat. Blueface) - Remix","Epic",40,114,17,"1857472"
105,"spotify:track:5rZlwNFl01HqLWBQGryKSm","Pop Smoke, Lil Tjay","Mood Swings (feat. Lil Tjay)","Victor Victor Worldwide",10,99,31,"1854720"
106,"spotify:track:0k7wmahjkn389wAZdz19Cv","Future, Lil Uzi Vert","Drankin N Smokin","Generation Now/Atlantic",12,70,12,"1826757"
107,"spotify:track:6Gg1gjgKi2AK4e0qzsR7sd","Juice WRLD, YoungBoy Never Broke Again","Bandit (with YoungBoy Never Broke Again)","Grade A Productions/Interscope Records",2,118,70,"1817911"
108,"spotify:track:3ee8Jmje8o58CHK66QrVC2","XXXTENTACION","SAD!","Bad Vibes Forever, LLC",1,115,151,"1812917"
109,"spotify:track:0sY6ZUTh4yoctD8VIXz339","Taylor Swift","champagne problems","Taylor Swift",2,77,8,"1812526"
110,"spotify:track:3eekarcy7kvN4yt5ZFzltW","Travis Scott","HIGHEST IN THE ROOM","Cactus Jack/Epic",1,131,70,"1810170"
111,"spotify:track:48q0vSHcJdhK3IiXH8C5WJ","Arctic Monkeys","Why'd You Only Call Me When You're High?","Domino Recording Co",111,116,5,"1807734"
112,"spotify:track:5MwynWK9s4hlyKHqhkNn4A","Morgan Wallen","Chasin' You","Big Loud Records",55,112,47,"1804382"
113,"spotify:track:2XIc1pqjXV3Cr2BQUGNBck","Bad Bunny, ROSALÍA","LA NOCHE DE ANOCHE","Rimas Entertainment LLC",18,111,10,"1804120"
114,"spotify:track:7FIWs0pqAYbP91WWM0vlTQ","Eminem, Juice WRLD","Godzilla (feat. Juice WRLD)","Shady/Aftermath/Interscope Records",2,109,54,"1802672"
115,"spotify:track:7B3z0ySL9Rr0XvZEAjWZzM","Clairo","Sofia","FADER Label",27,107,20,"1798060"
116,"spotify:track:45S5WTQEGOB1VHr1Q4FuPl","Harry Styles","Golden","Columbia",21,135,16,"1793409"
117,"spotify:track:55Am8neGJkdj2ADaM3aw5H","James Arthur","Train Wreck","Columbia",62,104,15,"1791944"
118,"spotify:track:6IBcOGPsniK3Pso1wHIhew","Luke Combs","Forever After All","River House Artists/Columbia Nashville",2,124,15,"1783137"
119,"spotify:track:1IIKrJVP1C9N7iPtG6eOsK","Chris Brown, Young Thug","Go Crazy","Chris Brown Entertainment/300 Entertainment/RCA Records",20,120,37,"1778384"
120,"spotify:track:0u2P5u6lvoDfwTYjAADbn4","Billie Eilish, Khalid","lovely (with Khalid)","Darkroom",24,123,145,"1777068"
121,"spotify:track:6gdLyYNuhWBzqwlOFSsXC7","Luke Combs","Better Together","River House Artists/Columbia Nashville",38,119,18,"1776422"
122,"spotify:track:6ft4hAq6yde8jPZY2i5zLr","MEDUZA, Dermot Kennedy","Paradise (feat. Dermot Kennedy)","Universal-Island Records Ltd.",113,113,5,"1770475"
123,"spotify:track:3JKgcAa7r07ocVWcV8bS0H","Polo G","21","Columbia",42,134,37,"1767631"
124,"spotify:track:3O9lWje3TSupR4vObAg9Yu","Morgan Wallen","Livin’ The Dream","Big Loud / Republic",32,132,6,"1765236"
125,"spotify:track:2kJwzbxV2ppxnQoYw4GLBZ","JP Saxe, Julia Michaels","If the World Was Ending (feat. Julia Michaels)","Arista Records",47,125,64,"1757442"
126,"spotify:track:6Ozh9Ok6h4Oi1wUSLtBseN","DaBaby","BOP","South Coast Music Group/Interscope Records",3,127,71,"1751993"
127,"spotify:track:7CFfqRW50ffULvBv7lfIIg","carolesdaughter","Violent","Arista Records",98,98,2,"1745205"
128,"spotify:track:5dOxHHMOFAbG3VH23t0xNm","Juice WRLD","Righteous","Grade A Productions/Interscope Records",2,128,41,"1743986"
129,"spotify:track:3PfIrDoz19wz7qK7tYeu62","Dua Lipa","Don't Start Now","Warner Records",5,138,62,"1740568"
130,"spotify:track:3UoULw70kMsiVXxW0L3A33","Ariana Grande","pov","Republic Records",8,94,14,"1740452"
131,"spotify:track:30KctD1WsHKTIYczXjip5a","Kid Cudi","Tequila Shots","Republic Records",10,108,8,"1736806"
132,"spotify:track:58ge6dfP91o9oXMzq3XkIS","Arctic Monkeys","505","Domino/Warner Records",132,148,5,"1736126"
133,"spotify:track:5YSHygGN9D0mID1NsVd5my","Juice WRLD, The Kid LAROI","Reminds Me Of You","Grade A Productions/Interscope Records",28,105,9,"1731138"
134,"spotify:track:7bCfHiRcfUjG0YVVNUL7Ve","CORPSE, Savage Ga$p","E-GIRLS ARE RUINING MY LIFE!","CORPSE",59,133,17,"1729342"
135,"spotify:track:075qcpR3BnxD5CWUIx1HTr","Morgan Wallen","This Bar","Big Loud / Republic",65,144,4,"1727004"
136,"spotify:track:2JvzF1RMd7lE3KmFlsyZD8","J. Cole","MIDDLE CHILD","Dreamville, Inc., Under exclusive license to Roc Nation Records",1,140,105,"1721043"
137,"spotify:track:0uxSUdBrJy9Un0EYoBowng","Lil Uzi Vert","20 Min","Generation Now/Atlantic",116,142,52,"1713793"
138,"spotify:track:0zLCBJZSiELJf02ucPP9wb","SAINt JHN, Imanbek","Roses - Imanbek Remix","Craft Recordings",5,130,50,"1710330"
139,"spotify:track:3GVkPk8mqxz0itaAriG1L7","XXXTENTACION","Everybody Dies In Their Nightmares","Bad Vibes Forever / EMPIRE",15,137,102,"1707652"
140,"spotify:track:7GX5flRQZVHRAGd6B4TmDO","Lil Uzi Vert","XO Tour Llif3","Generation Now/Atlantic",2,151,199,"1705433"
141,"spotify:track:7AQim7LbvFVZJE3O8TYgf2","XXXTENTACION, Trippie Redd","Fuck Love","Bad Vibes Forever / EMPIRE",8,136,173,"1699526"
142,"spotify:track:0WSa1sucoNRcEeULlZVQXj","Bring Me The Horizon","Can You Feel My Heart","RCA Records Label",121,121,3,"1697553"
143,"spotify:track:5NvOZCjZaGGGL597exlQWv","Ricky Montgomery","Line Without a Hook","Warner Records",96,129,11,"1689895"
144,"spotify:track:78QR3Wp35dqAhFEc2qAGjE","Lil Baby, Gunna","Drip Too Hard (Lil Baby & Gunna)","Quality Control Music/Young Stoner Life Records, a 300 Entertainment Label/Motown Records/Capitol Records",1,160,123,"1686725"
145,"spotify:track:7L6G0wpIUiPXuvoo7qhb06","Yung Gravy","oops!","Republic Records",122,122,3,"1678549"
146,"spotify:track:1ZMiCix7XSAbfAJlEZWMCp","Harry Styles","Falling","Columbia",11,147,57,"1677067"
147,"spotify:track:3QzAOrNlsabgbMwlZt7TAY","Mustard, Roddy Ricch","Ballin' (with Roddy Ricch)","10 Summers Records/Interscope Records",11,146,79,"1676539"
148,"spotify:track:2rxQMGVafnNaRaXlRMWPde","Luke Combs","Beautiful Crazy","River House Artists/Columbia Nashville",61,155,132,"1670787"
149,"spotify:track:6K4t31amVTZDgR3sKmwUJJ","Tame Impala","The Less I Know The Better","Universal Music Australia Pty. Ltd.",119,158,70,"1668340"
150,"spotify:track:527k23H0A4Q0UJN3vGs0Da","Don Toliver","After Party","We Run It Ent./Cactus Jack/Atlantic",13,143,43,"1659420"
151,"spotify:track:0ada5XsQGLPUVbmTCkAP49","Juice WRLD, Marshmello, The Kid LAROI, Polo G","Hate The Other Side (with Marshmello & The Kid Laroi)","Grade A Productions/Interscope Records",5,139,30,"1658167"
152,"spotify:track:26UxwWl9xCb83OynXELJcL","DaBaby","Masterpiece","South Coast Music Group/Interscope Records",63,173,3,"1656795"
153,"spotify:track:696DnlkuDOXcMAnKlTgXXK","Arizona Zervas","ROXANNE","Arizona Zervas",1,149,66,"1645809"
154,"spotify:track:003vvx7Niy0yvhvHt4a68B","The Killers","Mr. Brightside","Island Records",154,169,27,"1643621"
155,"spotify:track:1nYzjrdVQ8RpF93M0jPFW7","Sara Kays","Remember That Night?","P2021",155,162,4,"1643342"
156,"spotify:track:0GO8y8jQk1PkHzS31d699N","GROUPLOVE","Tongue Tied","Canvasback/ATL",119,165,38,"1638033"
157,"spotify:track:6gxKUmycQX7uyMwJcweFjp","Lil Baby, 42 Dugg","We Paid (feat. 42 Dugg)","Quality Control/Motown Records",9,145,34,"1635913"
158,"spotify:track:5f1joOtoMeyppIcJGZQvqJ","Kane Brown, Swae Lee, Khalid","Be Like That - feat. Swae Lee & Khalid","RCA Records Label Nashville",25,161,28,"1634448"
159,"spotify:track:6f3Slt0GbA2bPZlz0aIFXN","Tiësto","The Business","Atlantic Records",159,163,3,"1611176"
160,"spotify:track:1jaTQ3nqY3oAAYyCTbIvnM","Jack Harlow","WHATS POPPIN","Generation Now/Atlantic",6,152,54,"1607657"
161,"spotify:track:2xLMifQCjDGFmkHkpNLD9h","Travis Scott","SICKO MODE","Cactus Jack / Epic",1,168,128,"1603658"
162,"spotify:track:7Bar1kLTmsRmH6FCKKMEyU","SZA, The Neptunes, Pharrell Williams, Ty Dolla $ign","Hit Different","Top Dawg Entertainment/RCA Records",18,126,14,"1602384"
163,"spotify:track:4Yxc55NX3tAXC2mHRAhtcW","Olivia Rodrigo, Disney","All I Want - From ""High School Musical: The Musical: The Series""","Walt Disney Records",64,106,17,"1600910"
164,"spotify:track:6J2LdBN97cDWn0MLxYh9HB","Noah Cyrus","July","Records/Columbia",56,154,65,"1599126"
165,"spotify:track:6wQlQrTY5mVS8EGaFZVwVF","Juice WRLD, The Weeknd","Smile (with The Weeknd)","Grade A Productions/Interscope Records",2,157,25,"1595519"
166,"spotify:track:2IVsRhKrx8hlQBOWy4qebo","Ricky Montgomery","Mr. Loverman","Warner Records",155,164,9,"1579116"
167,"spotify:track:29TPjc8wxfz4XMn21O7VsZ","Playboi Carti","Sky","AWGE/Interscope Records",94,167,3,"1574416"
168,"spotify:track:3dYD57lRAUcMHufyqn9GcI","Hozier","Take Me to Church","Columbia",168,183,3,"1573483"
169,"spotify:track:7fEoXCZTZFosUFvFQg1BmW","King Von","Took Her To The O","Forever and a Day, LLC / EMPIRE",37,153,13,"1569055"
170,"spotify:track:2rRJrJEo19S2J82BDsQ3F7","Trevor Daniel","Falling","Alamo",5,170,62,"1554319"
171,"spotify:track:2g1KggY9PKvsoEAOaiz4xx","Ashnikko","Daisy","Parlophone UK",40,97,21,"1553078"
172,"spotify:track:3kOi5KZTcCOdqFlUjF9CDZ","Morgan Wallen","Neon Eyes","Big Loud / Republic",34,141,4,"1551946"
173,"spotify:track:6KfoDhO4XUWSbnyKjNp9c4","Conan Gray","Maniac","Republic Records",73,156,53,"1550772"
174,"spotify:track:5uCax9HTNlzGybIStD3vDh","James Arthur","Say You Won't Let Go","Columbia",15,176,134,"1545855"
175,"spotify:track:2ncLdwTd8qzkxiJjlbiOgC","Kid Cudi","Mr. Rager","Kid Cudi/Universal Records",175,-1,1,"1539060"
176,"spotify:track:1RvoRAL612adAVrPUoAMHR","Morgan Wallen","Bandaid On A Bullet Hole","Big Loud / Republic",176,-1,1,"1537766"
177,"spotify:track:1VSuFS7PahCN3SWbOcQ98m","Machine Gun Kelly, Halsey","forget me too (feat. Halsey)","Bad Boy/Interscope Records",17,180,11,"1535325"
178,"spotify:track:5wujBwqG7INdStqGd4tRMX","Juice WRLD","Armed And Dangerous","Juice WRLD Mixtape / ISR P&D",9,175,109,"1527272"
179,"spotify:track:5NhcE6cuJjVYyVEKp97zOt","Morgan Wallen","More Surprised Than Me","Big Loud / Republic",35,150,4,"1522652"
180,"spotify:track:75ZvA4QfFiZvzhj2xkaWAh","Post Malone","I Fall Apart","Universal Records",2,186,169,"1510051"
181,"spotify:track:5RubKOuDoPn5Kj5TLVxSxY","Bad Bunny","TE MUDASTE","Rimas Entertainment LLC",22,198,9,"1502494"
182,"spotify:track:5IUtvfNvOyVYZUa6AJFrnP","Ty Dolla $ign, Post Malone","Spicy (feat. Post Malone)","Atlantic Records",14,174,10,"1500955"
183,"spotify:track:6bCWyr3C3ngZdwizTYWQTG","Lil Eazzyy, G Herbo","Onna Come Up (feat. G Herbo) [Remix]","Atlantic Records",183,-1,1,"1494160"
184,"spotify:track:2ZRo7axmMPeSVUvDbGkJah","XXXTENTACION","Hope","Bad Vibes Forever, LLC",28,178,46,"1490282"
185,"spotify:track:1H7KnK26kc1YyellpbINEn","Pop Smoke, 50 Cent, Roddy Ricch","The Woo (feat. 50 Cent & Roddy Ricch)","Victor Victor Worldwide",8,179,29,"1490214"
186,"spotify:track:1xK1Gg9SxG8fy2Ya373oqb","Myke Towers, Juhn","Bandido","White World Music",186,-1,1,"1489444"
187,"spotify:track:1rgnBhdG2JDFTbYkYRZAku","Tones And I","Dance Monkey","Elektra (NEK)",7,188,73,"1486095"
188,"spotify:track:6eVxH9Kyanzrw636zJRPcw","Lil Baby","Errbody","Quality Control Music/Motown Records",42,-1,8,"1485468"
189,"spotify:track:3jT2LKH0RSbQ8jIUNFzXm5","G Herbo, Lil Uzi Vert, Juice WRLD, Chance the Rapper","PTSD","Machine Entertainment Group - G Herbo",31,187,42,"1481941"
190,"spotify:track:2wrJq5XKLnmhRXHIAf9xBa","Dan + Shay, Justin Bieber","10,000 Hours (with Justin Bieber)","Warner Music Nashville",2,195,65,"1478897"
191,"spotify:track:2HbKqm4o0w5wEeEFXm2sD4","Kendrick Lamar, Jay Rock","Money Trees","Aftermath",88,193,18,"1478280"
192,"spotify:track:0JP9xo3adEtGSdUEISiszL","XXXTENTACION","Moonlight","Bad Vibes Forever, LLC",3,185,133,"1477932"
193,"spotify:track:6mADjHs6FXdroPzEGW6KVJ","Machine Gun Kelly","bloody valentine","Bad Boy/Interscope Records",35,-1,8,"1460854"
194,"spotify:track:5RP2sGNT81pSfljW6TzIu7","Popp Hunna, Lil Uzi Vert","Adderall (Corvette Corvette) [feat. Lil Uzi Vert] - Remix","Jay Rebel Music",87,166,6,"1459349"
195,"spotify:track:1Cv1YLb4q0RzL6pybtaMLo","Surfaces","Sunday Best","Surfaces Music / TenThousand Projects, LLC",14,197,53,"1456921"
196,"spotify:track:6ZuahEctZD6w75peme58hm","Shawn Mendes","Wonder","Shawn Mendes LP4-5 PS/ Island",9,159,18,"1455126"
197,"spotify:track:7fBv7CLKzipRk6EC6TWHOB","The Weeknd","The Hills","Universal Republic Records",121,-1,15,"1449133"
198,"spotify:track:2vBET2pmrQqafaS6zIaYta","Black Eyed Peas, Shakira","GIRL LIKE ME","Epic",198,-1,2,"1445333"
199,"spotify:track:1xQ6trAsedVPCdbtDAmk0c","Jawsh 685, Jason Derulo","Savage Love (Laxed - Siren Beat)","Columbia",9,189,28,"1441582"
200,"spotify:track:7E2C5rBLpCKwQlhJPVFBRS","Yung Bleu, Drake","You're Mines Still (feat. Drake)","Moon Boy University / EMPIRE",123,-1,3,"1439858"
